horizon,delta_gap
T_policy,-0.0004821298831066967
T_policy,-0.0004555432058376274
T_policy,-0.0004949728083518679
T_policy,-0.00036636020493663324
T_policy,-0.0005285580469515105
T_policy,-0.0005970661867623628
T_policy,-0.0005474586017966132
T_policy,-0.0005084102091267306
T_policy,-0.0005264987029715007
T_policy,-0.0005096152752476213
T_policy,-0.0004920922808883121
T_policy,-0.00033020140275785703
T_policy,-0.0005114362699784047
T_policy,-0.0005852450358114769
T_policy,-0.0002830104017704782
T_policy,-0.00047688817865199074
T_policy,-0.0005392108542767726
T_policy,-0.0005528745343322816
T_policy,-0.00041149931910855475
T_policy,-0.0006286756507397628
T_policy,-0.00047339496747533794
T_policy,-0.0005366637161265952
T_policy,-0.0005045043433620222
T_policy,-0.0006288418391322548
T_policy,-0.00054781690034722
T_policy,-0.0005564810681880639
T_policy,-0.000468908354365527
T_policy,-0.00057418862363523
T_policy,-0.000674342518492077
T_policy,-0.0006625534317502568
T_policy,-0.0005102866473616352
T_policy,-0.0005370754989907356
T_policy,-0.0005437585143491797
T_policy,-0.00043666518220586426
T_policy,-0.00046356143156778273
T_policy,-0.00056488273637334
T_policy,-0.0006968139887356672
T_policy,-0.0005040999272655222
T_policy,-0.00041281963402328703
T_policy,-0.0005229789277177987
T_policy,-0.0005725479535032552
T_policy,-0.0004407846636236279
T_policy,-0.0005367726291304331
T_policy,-0.00043461787957266296
T_policy,-0.0005739465303580271
T_policy,-0.0004671141842239601
T_policy,-0.0005790947255278622
T_policy,-0.0004908863371302363
T_policy,-0.0002675406909293798
T_policy,-0.0004497715462663532
T_policy,-0.00041582405703066705
T_policy,-0.0005257229551923759
T_policy,-0.0005785552015760143
T_policy,-0.0005629513055087632
T_policy,-0.0006675841046811515
T_policy,-0.00047994668645723326
T_policy,-0.0006614474860019426
T_policy,-0.0004538749819343879
T_policy,-0.0003376013340640194
T_policy,-0.0003509623157313957
T_policy,-0.0004434795243447587
T_policy,-0.0006024345454009872
T_policy,-0.0005737170647928114
T_policy,-0.00038665469915100115
T_policy,-0.0005409851668670695
T_policy,-0.0006990661110608531
T_policy,-0.0005599327349299354
T_policy,-0.0005235966529668623
T_policy,-0.0005136161571700493
T_policy,-0.0003508865689533236
T_policy,-0.0004796764370493811
T_policy,-0.0004570585782202041
T_policy,-0.0005094830374655634
T_policy,-0.0004866718799567682
T_policy,-0.0005225505416879273
T_policy,-0.0006330625484815
T_policy,-0.0005234643923547333
T_policy,-0.0004482494261537351
T_policy,-0.0005383399895181329
T_policy,-0.000454071743678619
T_policy,-0.00048358693909844597
T_policy,-0.0005209452643742951
T_policy,-0.0005033227025367237
T_policy,-0.0005237881919931686
T_policy,-0.0003993275032266874
T_policy,-0.0005296875387906796
T_policy,-0.0005832628148478847
T_policy,-0.0004802976667940273
T_policy,-0.000521320463597541
T_policy,-0.0005551759391363431
T_policy,-0.0005137741728354905
T_policy,-0.0004634885090125662
T_policy,-0.00041119887962792756
T_policy,-0.000525068017348973
T_policy,-0.0005036332689170031
T_policy,-0.00038084976277463767
T_policy,-0.0004933378604350391
T_policy,-0.0004452975528332903
T_policy,-0.0004841888021912544
T_policy,-0.0003287453892785175
T_policy,-0.0006424836525377176
T_policy,-0.0005110918443955725
T_policy,-0.00048655668094665927
T_policy,-0.00046076744272838255
T_policy,-0.00045546223808368147
T_policy,-0.0004892524987553104
T_policy,-0.0005666092682441448
T_policy,-0.00047254017261899595
T_policy,-0.0005347736356008381
T_policy,-0.0004056268863964485
T_policy,-0.0004698150557770342
T_policy,-0.0006326039863407962
T_policy,-0.00044369744202643613
T_policy,-0.00046344979818702114
T_policy,-0.0005566766787512556
T_policy,-0.0005475610345726523
T_policy,-0.0004305536951604294
T_policy,-0.0005290798607333613
T_policy,-0.0005010459139377366
T_policy,-0.0005275202876209306
T_policy,-0.000543004175992956
T_policy,-0.000532449641016286
T_policy,-0.0005436986410399802
T_policy,-0.0004428950756718564
T_policy,-0.00037635924710366364
T_policy,-0.0003815269600581095
T_policy,-0.0005441000874204516
T_policy,-0.00036852186820024446
T_policy,-0.000438976405431335
T_policy,-0.000510713431936316
T_policy,-0.00064868544803387
T_policy,-0.0005517030248446408
T_policy,-0.0005070323140614619
T_policy,-0.0005491509220646451
T_policy,-0.0004108730835120644
T_policy,-0.0006013897706687032
T_policy,-0.0004236383054634363
T_policy,-0.00040826633465629314
T_policy,-0.0005240833037695181
T_policy,-0.0005567372784539559
T_policy,-0.00044867924077574006
T_policy,-0.0005348225828318842
T_policy,-0.00042969049513785773
T_policy,-0.0006413031071246245
T_policy,-0.0005952319236260939
T_policy,-0.0005208284895876769
T_policy,-0.0005175937506715078
T_policy,-0.0004823605997353875
T_policy,-0.0004065051750331561
T_policy,-0.0004497848096225443
T_policy,-0.00046788473432923805
T_policy,-0.00048553946453755437
T_policy,-0.0005011226304504346
T_policy,-0.0005662224676341587
T_policy,-0.0005454397098246799
T_policy,-0.0004028344293770525
T_policy,-0.0005793359625750893
T_policy,-0.0006230025592870447
T_policy,-0.0005985000967968501
T_policy,-0.0005146998392969726
T_policy,-0.0005168645644136882
T_policy,-0.000419304645644325
T_policy,-0.0005883595175592005
T_policy,-0.0004354999309061913
T_policy,-0.00042571348626485594
T_policy,-0.0006225376281877582
T_policy,-0.00040880912448404416
T_policy,-0.00043420519031722726
T_policy,-0.00039748765329938873
T_policy,-0.0005255945808704254
T_policy,-0.0004858360049210253
T_policy,-0.0006004297845433326
T_policy,-0.0003237759740786217
T_policy,-0.0004270767013713206
T_policy,-0.0004790892454382689
T_policy,-0.0005094753556771359
T_policy,-0.000451080383875313
T_policy,-0.0004541751598384769
T_policy,-0.0003772536200132848
T_policy,-0.0005584627484710447
T_policy,-0.0005430824629791831
T_policy,-0.0005793083501099971
T_policy,-0.0005781641422156758
T_policy,-0.000605502116466039
T_policy,-0.0004919628364751238
T_policy,-0.00038554361402620696
T_policy,-0.000577611412868495
T_policy,-0.00045462933587747667
T_policy,-0.0004728094466858179
T_policy,-0.00047235315310445447
T_policy,-0.00047781759614362596
T_policy,-0.0004573065140444088
T_policy,-0.00044018387374777923
T_policy,-0.0004327517772659828
T_policy,-0.00048037386662180825
T_policy,-0.0004779152377464291
T_policy,-0.0006394419457367295
T_policy,-0.0005932500679572961
T_policy,-0.0005207167128499224
T_policy,-0.00038121575157801235
T_policy,-0.0003875487743172368
T_policy,-0.0004767833002456978
T_policy,-0.0005592443846714756
T_policy,-0.00043260138098955014
T_policy,-0.0004878657786890894
T_policy,-0.0004579789376574217
T_policy,-0.0004585618622090504
T_policy,-0.0006105117032855212
T_policy,-0.0005527124181200493
T_policy,-0.00035928892538727997
T_policy,-0.0005066007306209208
T_policy,-0.000394808963730231
T_policy,-0.00045812496925778934
T_policy,-0.0004270852933521141
T_policy,-0.00043798974978148664
T_policy,-0.0004492138947521651
T_policy,-0.000576341706831518
T_policy,-0.0003966071288110662
T_policy,-0.0006569742815915047
T_policy,-0.0006911385937273806
T_policy,-0.0005252693242036033
T_policy,-0.0006440791825820247
T_policy,-0.0005405134465589212
T_policy,-0.0004988987968400638
T_policy,-0.0005691263186219375
T_policy,-0.0004990762302332641
T_policy,-0.0006537367953693973
T_policy,-0.0005877080081106989
T_policy,-0.0005340597706589012
T_policy,-0.0005019106999806233
T_policy,-0.00045495512673665583
T_policy,-0.0005133962695370586
T_policy,-0.0004709006943344196
T_policy,-0.0004649353010305335
T_policy,-0.0004002038388357665
T_policy,-0.000461766221457216
T_policy,-0.0006598900682208697
T_policy,-0.0005884105804261353
T_policy,-0.0004563226872259518
T_policy,-0.00048584698805698157
T_policy,-0.0003850480662882516
T_policy,-0.00048138549422915844
T_policy,-0.0005736540096433762
T_policy,-0.0005355176503420989
T_policy,-0.0004921705391658371
T_policy,-0.0004069906447002891
T_policy,-0.0006426482053077942
T_policy,-0.0003595218745656714
T_policy,-0.0003105753649715881
T_policy,-0.0004565665794625806
T_policy,-0.0006182855828730238
T_policy,-0.00035203143196815834
T_policy,-0.00046550021885050086
T_policy,-0.0005134224622186379
T_policy,-0.0005456306772735342
T_policy,-0.0004278266290003163
T_policy,-0.0006543134047282129
T_policy,-0.0007615592702155949
T_policy,-0.0005801719269521444
T_policy,-0.0004811440151133439
T_policy,-0.0005900067212757376
T_policy,-0.00043475393505088
T_policy,-0.00042578487687849886
T_policy,-0.0003152227504360505
T_policy,-0.0005700335895649777
T_policy,-0.0006771042382116566
T_policy,-0.0004404282755359201
T_policy,-0.00044141473499159645
T_policy,-0.0006593236816624382
T_policy,-0.0004969064362549958
T_policy,-0.0004998586482047873
T_policy,-0.0005281940217162218
T_policy,-0.000680507524401075
T_policy,-0.0005640667078203876
T_policy,-0.0004424049910092265
T_policy,-0.0004366650674381134
T_policy,-0.0005157846711069114
T_policy,-0.0005815925919192555
T_policy,-0.0005372858043366513
T_policy,-0.00038773562148342045
T_policy,-0.0004737014378110027
T_policy,-0.00047587985655994647
T_policy,-0.0005338870790243533
T_policy,-0.0005867747280127178
T_policy,-0.0005818091334404141
T_policy,-0.00042802600517710676
T_policy,-0.0006133172383715468
T_policy,-0.0005128409093911879
T_policy,-0.0004439398889335422
T_policy,-0.0005492606183786775
T_policy,-0.000458433889007015
T_policy,-0.0006383880681719578
T_policy,-0.0004881137543585323
T_policy,-0.0003331715853630568
T_policy,-0.0004504234936667517
T_policy,-0.0005245207459889656
T_policy,-0.0005258063916122602
T_policy,-0.0003676256341672568
T_policy,-0.0005436918184702488
T_policy,-0.0006380835051418288
T_policy,-0.0006610896450740533
T_policy,-0.0004489036585988426
T_policy,-0.00039793066738114113
T_policy,-0.0004127494682665267
T_policy,-0.0005737588339235211
T_policy,-0.0005140618391835661
T_policy,-0.0003982711380645654
T_policy,-0.0005677553154626036
T_policy,-0.0004654796296845731
T_policy,-0.0006035476384530503
T_policy,-0.000614465270934228
T_policy,-0.0005536636474209322
T_policy,-0.00025966191817461404
T_policy,-0.0005168602139855594
T_policy,-0.000685209326613756
T_policy,-0.000640900849752768
T_policy,-0.00040436351577144425
T_policy,-0.0005629678652135928
T_policy,-0.000665150042307272
T_policy,-0.0005734469184174307
T_policy,-0.0005068349437987729
T_policy,-0.0005391198511051076
T_policy,-0.00047396791395748483
T_policy,-0.0006325330249159489
T_policy,-0.0006260304021354912
T_policy,-0.0004532009209098353
T_policy,-0.0005316439280479424
T_policy,-0.000555824360242374
T_policy,-0.0003126198089163923
T_policy,-0.0005569212912046595
T_policy,-0.000527956902635407
T_policy,-0.0005178179519420567
T_policy,-0.0005996011516083977
T_policy,-0.0006611482212427466
T_policy,-0.00033785552859422197
T_policy,-0.00046946770830913476
T_policy,-0.00047967820407657236
T_policy,-0.000431437742590024
T_policy,-0.0005165224889874809
T_policy,-0.00038646995786573157
T_policy,-0.0005053929372367261
T_policy,-0.0005702395536459903
T_policy,-0.0005723726904988125
T_policy,-0.0005869455386847688
T_policy,-0.0005083099021967463
T_policy,-0.0005500281950232555
T_policy,-0.000532168745860484
T_policy,-0.000489702473834841
T_policy,-0.0006228339924367887
T_policy,-0.000530637684227786
T_policy,-0.00036022815297420685
T_policy,-0.0005548050991265319
T_policy,-0.0005335449750880628
T_policy,-0.0004305743235112347
T_policy,-0.00047418028116374966
T_policy,-0.0005416822482853245
T_policy,-0.00041899874255313385
T_policy,-0.0005030341049397924
T_policy,-0.00035027070265769567
T_policy,-0.0005075135446125367
T_policy,-0.00047574622430823776
T_policy,-0.00034243965384694874
T_policy,-0.0004929203294408158
T_policy,-0.0005256005335233516
T_policy,-0.0005291397523216057
T_policy,-0.00045170817264228447
T_policy,-0.00038766702997961033
T_policy,-0.00041331730029026126
T_policy,-0.00046090359417372273
T_policy,-0.0005402068341811006
T_policy,-0.000566783948060201
T_policy,-0.0004801290342840714
T_policy,-0.0004113385671988823
T_policy,-0.0003758565344021969
T_policy,-0.0005248914785161984
T_policy,-0.0005759930903305177
T_policy,-0.0006004743978237359
T_policy,-0.0004204171597546047
T_policy,-0.00042205128705441464
T_policy,-0.000495286959967034
T_policy,-0.0006402606768128871
T_policy,-0.0005492267839771747
T_policy,-0.0005134567746064578
T_policy,-0.0003593555160048556
T_policy,-0.0004128274078699645
T_policy,-0.0005137910977616178
T_policy,-0.0006311125307605359
T_policy,-0.00027760939038434795
T_policy,-0.0004973741048082125
T_policy,-0.0005568280999853625
T_policy,-0.000553037177086324
T_policy,-0.0005502726079031905
T_policy,-0.0005173953555930311
T_policy,-0.0004187712512093711
T_policy,-0.0006076215465207202
T_policy,-0.0006171106508569002
T_policy,-0.0005801893499496336
T_policy,-0.0005775039797496495
T_policy,-0.000494389497658343
T_policy,-0.0005560526374873698
T_policy,-0.0005716947784950577
T_policy,-0.0006373735463246488
T_policy,-0.00044396156410531074
T_policy,-0.0005030651383841622
T_policy,-0.0003914476916014875
T_policy,-0.0004749101182447424
T_policy,-0.0006266299062773761
T_policy,-0.0004999295299317197
T_policy,-0.0006305106993823584
T_policy,-0.0004811492628765679
T_policy,-0.0005691005507890701
T_policy,-0.0006335701204703836
T_policy,-0.0005909788788819315
T_policy,-0.0005135235569216912
T_policy,-0.000611983322762355
T_policy,-0.0005093101712085879
T_policy,-0.0004398434931927042
T_policy,-0.0004896311797093489
T_policy,-0.0004274483904768145
T_policy,-0.00031574671097700513
T_policy,-0.0004640210695462388
T_policy,-0.0004455016225050068
T_policy,-0.0005959258780610099
T_policy,-0.000507678680984891
T_policy,-0.0006582037327799162
T_policy,-0.0004071333122451781
T_policy,-0.0002595943941906542
T_policy,-0.0006178802723233456
T_policy,-0.0003273600660502751
T_policy,-0.0005035004009835697
T_policy,-0.0006353476906123534
T_policy,-0.000545249237049461
T_policy,-0.00048551852506539817
T_policy,-0.000491805691100855
T_policy,-0.0004256227867964757
T_policy,-0.00044471369702792085
T_policy,-0.0005849176876749906
T_policy,-0.0005614831558791167
T_policy,-0.0006739505077372199
T_policy,-0.00043774734408941196
T_policy,-0.00045696627946290036
T_policy,-0.0004900449925998585
T_policy,-0.0004884890982699286
T_policy,-0.0005832905759096674
T_policy,-0.0003367435657055662
T_policy,-0.00036589444035906027
T_policy,-0.0004115244087954384
T_policy,-0.0006178191247387943
T_policy,-0.000425121154889907
T_policy,-0.0005675876889227327
T_policy,-0.0005829379277609847
T_policy,-0.0005898944998311562
T_policy,-0.0006593321767203175
T_policy,-0.0006060726882128886
T_policy,-0.0005314691246558478
T_policy,-0.0005038421648019265
T_policy,-0.0005689877811816402
T_policy,-0.0005997182606836127
T_policy,-0.0005367521951302745
T_policy,-0.0004895464445811015
T_policy,-0.00047590230694949387
T_policy,-0.0004794968809962441
T_policy,-0.0003844737121737607
T_policy,-0.0005178601288066131
T_policy,-0.0005411132168481325
T_policy,-0.0005301278597193981
T_policy,-0.0004861858312813494
T_policy,-0.00044009751734064295
T_policy,-0.0004595346466037542
T_policy,-0.0007005479330209896
T_policy,-0.00042836924269906707
T_policy,-0.0006304832663265314
T_policy,-0.0005880356362081285
T_policy,-0.0003596593849730656
T_policy,-0.0005848880612550067
T_policy,-0.0005996380709037963
T_policy,-0.000446283062716879
T_policy,-0.0005067599208428142
T_policy,-0.0006592762020106724
T_policy,-0.000652116308822337
T_policy,-0.0003975314754592896
T_policy,-0.00041894380181062285
T_policy,-0.0005106552259226405
T_policy,-0.00044711375438932777
T_policy,-0.0005255486674841103
T_policy,-0.0003986175931898206
T_policy,-0.0003565280961875805
T_policy,-0.0004272687103604733
T_policy,-0.0004642972963654346
T_policy,-0.00048766091473062545
T_policy,-0.000661856543290873
T_policy,-0.00028495070546796786
T_policy,-0.00045118081902262297
T_policy,-0.0004706870794695117
T_policy,-0.00042286829583570995
T_policy,-0.00041298758821273207
T_policy,-0.0005742169223741378
T_policy,-0.0005509034539192825
T_policy,-0.00045745474872616043
T_policy,-0.0006074682659595876
T_eval,-0.0005618571680254814
T_eval,-0.0004584787755909092
T_eval,-0.0005801530127100829
T_eval,-0.0005968256755495283
T_eval,-0.0006075587741138921
T_eval,-0.0005834442292477204
T_eval,-0.0006212058651483554
T_eval,-0.000557867643613652
T_eval,-0.0005195459736747621
T_eval,-0.0006591726622110494
T_eval,-0.0004313527928542227
T_eval,-0.0005779982719656962
T_eval,-0.0005554694228788737
T_eval,-0.0005214481038983143
T_eval,-0.0005779775227006123
T_eval,-0.0006670809467742567
T_eval,-0.0006118632161216109
T_eval,-0.0004998530553802505
T_eval,-0.0006265494259416471
T_eval,-0.0005384543902537953
T_eval,-0.0006270448566452202
T_eval,-0.0006480001450206441
T_eval,-0.0005083948264926752
T_eval,-0.0005057685641040033
T_eval,-0.0005725872181938652
T_eval,-0.0005240019283102582
T_eval,-0.000513260122286141
T_eval,-0.0006091244523054318
T_eval,-0.00041047943655636576
T_eval,-0.0005341609110334211
T_eval,-0.0005306121110334461
T_eval,-0.0006015155003585848
T_eval,-0.0005104923293415276
T_eval,-0.000496181844378607
T_eval,-0.0006703158623238004
T_eval,-0.0005857201310669469
T_eval,-0.0005442094045046142
T_eval,-0.0005623475873620665
T_eval,-0.0005596997121252167
T_eval,-0.0005531160402978408
T_eval,-0.0006932489537105901
T_eval,-0.0006147938017024845
T_eval,-0.0005554837611537744
T_eval,-0.0005117339863164316
T_eval,-0.0006389401331740041
T_eval,-0.0004854252975040607
T_eval,-0.0005716398368970088
T_eval,-0.0006433497838636004
T_eval,-0.0005243035109711025
T_eval,-0.0005874495791985401
T_eval,-0.0005799202436936879
T_eval,-0.0005965243808145893
T_eval,-0.0005566566687404961
T_eval,-0.0006091648082732215
T_eval,-0.0006415285562993978
T_eval,-0.0006221849074558028
T_eval,-0.000582107575202051
T_eval,-0.0005566527043017189
T_eval,-0.0005795637768832851
T_eval,-0.0005963243772580951
T_eval,-0.0005220065041686706
T_eval,-0.0005277977200048856
T_eval,-0.0006753654727014169
T_eval,-0.0005192885399102343
T_eval,-0.0005465114546189254
T_eval,-0.00044677620806710117
T_eval,-0.00039821709161924623
T_eval,-0.0005690119888278611
T_eval,-0.0005419403720590132
T_eval,-0.00043053313059537857
T_eval,-0.0006356355245387135
T_eval,-0.0005322010542639921
T_eval,-0.0004468846228318224
T_eval,-0.0006526992197436465
T_eval,-0.0006468225975250208
T_eval,-0.0005429008284414394
T_eval,-0.0006227650502074189
T_eval,-0.0005796031222710107
T_eval,-0.0006329930821571406
T_eval,-0.0003968124489607261
T_eval,-0.00047216552398421374
T_eval,-0.0006014514821180983
T_eval,-0.0005938645303450452
T_eval,-0.0004983929937228959
T_eval,-0.000668993585433264
T_eval,-0.0004971104717521602
T_eval,-0.0004512867562289635
T_eval,-0.0006705456335620585
T_eval,-0.0006521091003608426
T_eval,-0.0005894712394385326
T_eval,-0.0004789666906074297
T_eval,-0.0004232402617666553
T_eval,-0.0005366854197740301
T_eval,-0.0007008475330795294
T_eval,-0.000583091137169256
T_eval,-0.0006075815456914047
T_eval,-0.0005648131899320674
T_eval,-0.0004902214320844367
T_eval,-0.0005363537196594326
T_eval,-0.0005776408683287881
T_eval,-0.0005804558357644929
T_eval,-0.0004638247372009685
T_eval,-0.0005348908870341784
T_eval,-0.0005800376723037459
T_eval,-0.0005226018365733776
T_eval,-0.0006425890261525513
T_eval,-0.0006571082196155098
T_eval,-0.00048118510082484356
T_eval,-0.0005832645739612952
T_eval,-0.0005341078992643356
T_eval,-0.0004971191633403871
T_eval,-0.0007181922194208212
T_eval,-0.0005883829071255953
T_eval,-0.0005043822704755563
T_eval,-0.0005993464846141272
T_eval,-0.0006799121440468348
T_eval,-0.00048423836847000246
T_eval,-0.0004724364234445222
T_eval,-0.0005658630582661139
T_eval,-0.0005525968992875496
T_eval,-0.00045609025407289394
T_eval,-0.0006619412830487503
T_eval,-0.0006903778935771765
T_eval,-0.0007358193143514047
T_eval,-0.0005905916869997085
T_eval,-0.0006043796553802938
T_eval,-0.000574340751948399
T_eval,-0.00056495010278379
T_eval,-0.00040593578484759973
T_eval,-0.0007131516586136311
T_eval,-0.0005132987032063774
T_eval,-0.0006873945187160224
T_eval,-0.0005884985527846442
T_eval,-0.0005807015509413649
T_eval,-0.0006271214430694227
T_eval,-0.0006336258461036026
T_eval,-0.0004944097350502163
T_eval,-0.00041161357936680965
T_eval,-0.0006966916213776431
T_eval,-0.0005776661510369374
T_eval,-0.0005814381752140552
T_eval,-0.0005132034443339206
T_eval,-0.0005906379086979552
T_eval,-0.0006672303754129416
T_eval,-0.0005383924920243643
T_eval,-0.0006625511690780961
T_eval,-0.0006294222993989962
T_eval,-0.0005111790154170848
T_eval,-0.0007255140781238234
T_eval,-0.0006390774775204555
T_eval,-0.0006535452894871341
T_eval,-0.0005520712911605274
T_eval,-0.0005493139965800919
T_eval,-0.0006924584261852607
T_eval,-0.000546662806328313
T_eval,-0.0005183444397378612
T_eval,-0.00043531594575318966
T_eval,-0.0005188492395695743
T_eval,-0.0005160746598447119
T_eval,-0.0005131861866181087
T_eval,-0.0005573267352297906
T_eval,-0.0005204061187379372
T_eval,-0.0006799240498628345
T_eval,-0.0005058128485752045
T_eval,-0.0005978922964393618
T_eval,-0.0005082873398706278
T_eval,-0.0006806986626936018
T_eval,-0.0006251823285289282
T_eval,-0.0005535783750105772
T_eval,-0.0006455443016277762
T_eval,-0.0004957462091225162
T_eval,-0.0005896756131035241
T_eval,-0.000533779643681842
T_eval,-0.0006260100630799403
T_eval,-0.0006008560010175579
T_eval,-0.0005212826929705816
T_eval,-0.0006275903259111981
T_eval,-0.0005029365630493388
T_eval,-0.0006057462231047195
T_eval,-0.0005546133994052127
T_eval,-0.0006118621400559299
T_eval,-0.0005557650515798374
T_eval,-0.0004114797251143498
T_eval,-0.0005396520430073215
T_eval,-0.0005752907801618301
T_eval,-0.0005951071489115334
T_eval,-0.0005353049900100881
T_eval,-0.0006488387320709998
T_eval,-0.0005665225494511095
T_eval,-0.0005812920626190321
T_eval,-0.000490204836522401
T_eval,-0.0006009576822290086
T_eval,-0.0005075063008570524
T_eval,-0.00048547322674874493
T_eval,-0.0006579428478336036
T_eval,-0.0005734138936998034
T_eval,-0.0005903085986354029
T_eval,-0.000551405311613351
T_eval,-0.0005161201498475876
T_eval,-0.0007091977520278236
T_eval,-0.00043292022793728346
T_eval,-0.0006838820125426581
T_eval,-0.0004899356922958287
T_eval,-0.0007111649527424824
T_eval,-0.0006268665649891147
T_eval,-0.000551096253403105
T_eval,-0.000641213679989705
T_eval,-0.0006607067086854546
T_eval,-0.00039737700572317625
T_eval,-0.0006173508095135283
T_eval,-0.0003655833135886022
T_eval,-0.0006265758905049656
T_eval,-0.0005390980650368249
T_eval,-0.0005262517620467921
T_eval,-0.0007294971190333621
T_eval,-0.0007235920844147481
T_eval,-0.0005125963909118347
T_eval,-0.0005508075160401971
T_eval,-0.0006161197431464593
T_eval,-0.0004578054755172145
T_eval,-0.0005617683553618136
T_eval,-0.0007037910813615378
T_eval,-0.0005977227824368603
T_eval,-0.0005138158822501904
T_eval,-0.0005172230243650766
T_eval,-0.0005335488762067131
T_eval,-0.0005470618811476147
T_eval,-0.0005411797397693041
T_eval,-0.000521685864925292
T_eval,-0.0005810862722408494
T_eval,-0.0006422051691639119
T_eval,-0.000674072169165485
T_eval,-0.00040625935491234166
T_eval,-0.0005022545181683213
T_eval,-0.000529052489696813
T_eval,-0.0005763430047613927
T_eval,-0.0006083052063524663
T_eval,-0.0004791834475832424
T_eval,-0.0005299716887910977
T_eval,-0.0005613304535135866
T_eval,-0.0005114648998509885
T_eval,-0.0006105037593974183
T_eval,-0.0006312711850904318
T_eval,-0.0006227800738138889
T_eval,-0.0005096742169046209
T_eval,-0.0005466701970707755
T_eval,-0.00046541487965612305
T_eval,-0.000550050314174988
T_eval,-0.0005841212086904468
T_eval,-0.00048341867799661653
T_eval,-0.0006270608866727478
T_eval,-0.0005196146273398483
T_eval,-0.0005061958073244721
T_eval,-0.0004589276366352424
T_eval,-0.00046859441168101146
T_eval,-0.0004994582545621018
T_eval,-0.0005856010639716525
T_eval,-0.0006452022202227958
T_eval,-0.0006472526583085614
T_eval,-0.0003769871795529234
T_eval,-0.0006340715308718048
T_eval,-0.0005567098323130404
T_eval,-0.0006880048073695244
T_eval,-0.00048274074495713304
T_eval,-0.0005954134096917141
T_eval,-0.0006136635406223112
T_eval,-0.0004240167812232798
T_eval,-0.0005499674384542574
T_eval,-0.0005754554541169687
T_eval,-0.0006457812516842409
T_eval,-0.0005024645144651174
T_eval,-0.0004952145849184131
T_eval,-0.0005441708045051952
T_eval,-0.0006992016791038669
T_eval,-0.0004096214214980298
T_eval,-0.0005170189734586828
T_eval,-0.0006329162580986925
T_eval,-0.0005538959509618913
T_eval,-0.00047886977127564734
T_eval,-0.000405390352340107
T_eval,-0.0006017684333083917
T_eval,-0.0006243389405333755
T_eval,-0.0005346396508197904
T_eval,-0.0005363374722999747
T_eval,-0.0005794555827687287
T_eval,-0.0005376424357241838
T_eval,-0.0006096226459957332
T_eval,-0.0005624372700318014
T_eval,-0.0005429239160803512
T_eval,-0.0005719788784903646
T_eval,-0.0005873640046184514
T_eval,-0.0005726839310637999
T_eval,-0.000534933580165653
T_eval,-0.0006067127374279613
T_eval,-0.0006698675354402939
T_eval,-0.0005125128636264131
T_eval,-0.0007159821097977304
T_eval,-0.0005851635066390637
T_eval,-0.0005513407513422219
T_eval,-0.000508188367990603
T_eval,-0.0005232743714457255
T_eval,-0.0005033424456538649
T_eval,-0.000515575313165928
T_eval,-0.00037888411857422977
T_eval,-0.0005146319127616872
T_eval,-0.0004980889324299742
T_eval,-0.000543752342097692
T_eval,-0.000600864091315656
T_eval,-0.0005873213702092261
T_eval,-0.0006489060171178673
T_eval,-0.0006900689901830903
T_eval,-0.0007119748869341969
T_eval,-0.000507735471070192
T_eval,-0.000575502226388136
T_eval,-0.0007800535172899359
T_eval,-0.0006191466091131081
T_eval,-0.00043101637517806157
T_eval,-0.0004801997037168215
T_eval,-0.0007357469580745457
T_eval,-0.0006171106321746223
T_eval,-0.0004460684909752821
T_eval,-0.0005045580015963225
T_eval,-0.0005907462075529502
T_eval,-0.0006090304243870914
T_eval,-0.0004354206476088196
T_eval,-0.00048207871776029254
T_eval,-0.0006570500288440861
T_eval,-0.0005893014881792613
T_eval,-0.0006487965721118094
T_eval,-0.0005562756972958827
T_eval,-0.000598061516781212
T_eval,-0.0005253940968129589
T_eval,-0.0004887954617521784
T_eval,-0.0005834697006685818
T_eval,-0.0003949242182198498
T_eval,-0.0006401339486427071
T_eval,-0.0005685569153842662
T_eval,-0.0005625698539279966
T_eval,-0.0004084024284882748
T_eval,-0.0005207181841038189
T_eval,-0.0006306469752414001
T_eval,-0.0005182858499175325
T_eval,-0.0007100448619760114
T_eval,-0.0005763677497541142
T_eval,-0.0004519927176855898
T_eval,-0.0005752250555228766
T_eval,-0.0005210208515743497
T_eval,-0.0005185536699420235
T_eval,-0.0005119824875448042
T_eval,-0.0005676165678226708
T_eval,-0.0005603968049342489
T_eval,-0.00042888636154514437
T_eval,-0.0006344421745010376
T_eval,-0.0005225045517476268
T_eval,-0.0004903290751577805
T_eval,-0.0005416968098321817
T_eval,-0.0005773187792660339
T_eval,-0.0006619796040712167
T_eval,-0.0005329153254416408
T_eval,-0.000524754563987706
T_eval,-0.00040136298700699236
T_eval,-0.0006448131149824343
T_eval,-0.0007371106151689011
T_eval,-0.0004709117872091495
T_eval,-0.0005555963483619974
T_eval,-0.0006111402960230494
T_eval,-0.00046709877046802184
T_eval,-0.0006005418829141407
T_eval,-0.0006216292552545521
T_eval,-0.0005653145421636863
T_eval,-0.0005599614722201496
T_eval,-0.0006793214510002477
T_eval,-0.0005839785497959715
T_eval,-0.00034520293669204616
T_eval,-0.0004821052218292321
T_eval,-0.0004119782127499638
T_eval,-0.0005200274020993323
T_eval,-0.0005603949246488771
T_eval,-0.0005767860885697029
T_eval,-0.0006290077897188606
T_eval,-0.0007536420078092521
T_eval,-0.0005876920889578141
T_eval,-0.0005282474029417727
T_eval,-0.0006191946487950073
T_eval,-0.0005251842386543304
T_eval,-0.0003874399862912048
T_eval,-0.0005288487790848784
T_eval,-0.0005590788767327881
T_eval,-0.0005645900799292614
T_eval,-0.0005866244730871051
T_eval,-0.0005838349221918282
T_eval,-0.0006089130430153578
T_eval,-0.0007396902621544799
T_eval,-0.0007600561890719337
T_eval,-0.0006200904346927993
T_eval,-0.0005322493314202648
T_eval,-0.0005740753053129488
T_eval,-0.0005658129304074722
T_eval,-0.0005009308060028861
T_eval,-0.0006199999979831228
T_eval,-0.0005942269935564903
T_eval,-0.00046873378210199323
T_eval,-0.0004932845500936756
T_eval,-0.0005408879399190214
T_eval,-0.0006266347610293099
T_eval,-0.000589707485425417
T_eval,-0.0005272257834730842
T_eval,-0.0006241855020719944
T_eval,-0.0005585371717551357
T_eval,-0.0006229987684154281
T_eval,-0.0005183606737472202
T_eval,-0.0005169364172362689
T_eval,-0.0006098823352543858
T_eval,-0.0005283032367524587
T_eval,-0.0005754410238951735
T_eval,-0.0006292425024513326
T_eval,-0.00047807163125501706
T_eval,-0.0005350981751303108
T_eval,-0.000538919866233778
T_eval,-0.00045468945731719224
T_eval,-0.0005371303984322839
T_eval,-0.0006519956801848137
T_eval,-0.0006098509295394683
T_eval,-0.0005239122763323056
T_eval,-0.0006628162595305742
T_eval,-0.0005895005825333755
T_eval,-0.000720025461468321
T_eval,-0.00042137061899572004
T_eval,-0.0004910048232801278
T_eval,-0.0005973949929312106
T_eval,-0.0004817356311203058
T_eval,-0.0006924804562562503
T_eval,-0.0005366403668377595
T_eval,-0.0005097057302244634
T_eval,-0.0007060972844172841
T_eval,-0.0004946532289848982
T_eval,-0.000650189058470696
T_eval,-0.0006520457075469555
T_eval,-0.00047245813184026986
T_eval,-0.0004599117270642772
T_eval,-0.000548799228794028
T_eval,-0.0006074056070553002
T_eval,-0.0004857451355537723
T_eval,-0.000676740743759896
T_eval,-0.0005042530268866141
T_eval,-0.0004876178980136592
T_eval,-0.000695674727230311
T_eval,-0.0004370915519467111
T_eval,-0.0006439697656370758
T_eval,-0.000650019524454204
T_eval,-0.0006016298830551214
T_eval,-0.0006990332865779436
T_eval,-0.0005488383760029469
T_eval,-0.0006558367846961621
T_eval,-0.0005139801559631563
T_eval,-0.00047591387021295173
T_eval,-0.0006167387363585908
T_eval,-0.0006561860401006481
T_eval,-0.00046469835907980706
T_eval,-0.00048314292845852425
T_eval,-0.00069493090181727
T_eval,-0.0006091445516756
T_eval,-0.00046287186894300447
T_eval,-0.0006798773091994947
T_eval,-0.00042837268575057763
T_eval,-0.0005324480231542195
T_eval,-0.0006019423567047433
T_eval,-0.0005737083081882588
T_eval,-0.0006837117451846675
T_eval,-0.000624657969871989
T_eval,-0.00044772014023930495
T_eval,-0.0007145199074138908
T_eval,-0.0005027802221689859
T_eval,-0.0004896589169988141
T_eval,-0.0006960663603151618
T_eval,-0.0006690937739382008
T_eval,-0.0005891114125323726
T_eval,-0.0006377615327569641
T_eval,-0.0006254549290352074
T_eval,-0.000596003330371464
T_eval,-0.000499790736031458
T_eval,-0.0006329533904281259
T_eval,-0.0005307517357797664
T_eval,-0.0005431499715129462
T_eval,-0.0005781451325971299
T_eval,-0.0005720733507497133
T_eval,-0.000624561859028927
T_eval,-0.0005186399724864676
T_eval,-0.0005341662573676853
T_eval,-0.0004511196617611457
T_eval,-0.0005214576808245663
T_eval,-0.0004989211255322923
T_eval,-0.0006930725238500912
T_eval,-0.00060802139171523
T_eval,-0.0006426001489409083
T_eval,-0.0005373980927936284
T_eval,-0.000573616400091681
T_eval,-0.0006238868494231609
T_eval,-0.0006949878036301982
T_eval,-0.0005077024381564543
